id,name,branch,year,st,sl,timetable,sort_factor
6,CSE Y3 B,CSE,3,"{9: 9, 10: 10, 11: 11, 25: 25, 26: 26, 12: 12, 27: 27, 28: 28}","{9: -3, 10: -2, 11: -1, 25: -2, 26: -1, 12: -4, 27: -3, 28: -4}","[['Management and Economics  ,  NLC001', 'Operating Systems (CSE Y3)  ,  NLC001', 'Environmental Studies  ,  NLC001', 'Algorithms Lab (CSE Y3)  ,  CPL001', 'Algorithms Lab (CSE Y3)  ,  CPL001', 'Algorithms (CSE Y3)  ,  NLC001', 'Probability and Statistics  ,  NLC001'], ['Management and Economics  ,  NLC001', 'Operating Systems (CSE Y3)  ,  NLC001', 'Environmental Studies  ,  NLC001', 'Algorithms Lab (CSE Y3)  ,  CPL001', 'Algorithms Lab (CSE Y3)  ,  CPL001', 'Algorithms (CSE Y3)  ,  NLC001', 'Probability and Statistics  ,  NLC001'], ['Management and Economics  ,  NLC001', 'Operating Systems (CSE Y3)  ,  NLC001', 'Environmental Studies  ,  NLC001', 'Algorithms Lab (CSE Y3)  ,  CPL001', 'Algorithms Lab (CSE Y3)  ,  CPL001', 'Algorithms (CSE Y3)  ,  NLC001', 'Probability and Statistics  ,  NLC001'], ['Management and Economics  ,  NLC001', 'Operating Systems (CSE Y3)  ,  NLC001', 'Environmental Studies  ,  NLC001', 'Algorithms Lab (CSE Y3)  ,  CPL001', 'Algorithms Lab (CSE Y3)  ,  CPL001', 'Algorithms (CSE Y3)  ,  NLC001', 'Probability and Statistics  ,  NLC001'], ['Management and Economics  ,  NLC001', 'Operating Systems (CSE Y3)  ,  NLC001', 'Environmental Studies  ,  NLC001', 'Algorithms Lab (CSE Y3)  ,  CPL001', 'Algorithms Lab (CSE Y3)  ,  CPL001', 'Algorithms (CSE Y3)  ,  NLC001', 'Probability and Statistics  ,  NLC001'], ['Management and Economics  ,  NLC001', 'Operating Systems (CSE Y3)  ,  NLC001', 'Environmental Studies  ,  NLC001', 'Algorithms Lab (CSE Y3)  ,  CPL001', 'Algorithms Lab (CSE Y3)  ,  CPL001', 'Algorithms (CSE Y3)  ,  NLC001', 'Probability and Statistics  ,  NLC001']]",-12
5,CSE Y3 A,CSE,3,"{9: 9, 10: 10, 11: 11, 25: 25, 26: 26, 12: 12, 27: 27, 28: 28}","{9: -3, 10: -2, 11: -1, 25: -2, 26: -1, 12: -4, 27: -3, 28: -4}","[['Operating Systems (CSE Y3)  ,  NLC002', 'Management and Economics  ,  NLC002', 'Algorithms (CSE Y3)  ,  NLC002', 'Environmental Studies  ,  NLC001', 'Probability and Statistics  ,  NLC001', 0, 0], ['Operating Systems (CSE Y3)  ,  NLC002', 'Management and Economics  ,  NLC002', 'Algorithms (CSE Y3)  ,  NLC002', 'Environmental Studies  ,  NLC001', 'Probability and Statistics  ,  NLC001', 0, 0], ['Operating Systems (CSE Y3)  ,  NLC002', 'Management and Economics  ,  NLC002', 'Algorithms (CSE Y3)  ,  NLC002', 'Environmental Studies  ,  NLC001', 'Probability and Statistics  ,  NLC001', 0, 0], ['Operating Systems (CSE Y3)  ,  NLC002', 'Management and Economics  ,  NLC002', 'Algorithms (CSE Y3)  ,  NLC002', 'Environmental Studies  ,  NLC001', 'Probability and Statistics  ,  NLC001', 0, 0], ['Operating Systems (CSE Y3)  ,  NLC002', 'Management and Economics  ,  NLC002', 'Algorithms (CSE Y3)  ,  NLC002', 'Environmental Studies  ,  NLC001', 'Probability and Statistics  ,  NLC001', 0, 0], ['Operating Systems (CSE Y3)  ,  NLC002', 'Management and Economics  ,  NLC002', 'Algorithms (CSE Y3)  ,  NLC002', 'Environmental Studies  ,  NLC001', 'Probability and Statistics  ,  NLC001', 0, 0]]",-12
11,IT Y2 A,IT,2,"{5: 5, 6: 6, 7: 7, 37: 37, 38: 38, 8: 8, 39: 39, 40: 40}","{5: -1, 6: -3, 7: -2, 37: -2, 38: -1, 8: -4, 39: -3, 40: -4}","[['Database Systems (IT Y2)  ,  NLC003', 'Engineering Mathematics II  ,  NLC003', 'Engineering Mechanics  ,  NLC003', 'Database Lab (IT Y2)  ,  CPL002', 'Database Lab (IT Y2)  ,  CPL002', 'Web Technologies (IT Y2)  ,  NLC002', 'Engineering Chemistry (Theory)  ,  NLC002'], ['Database Systems (IT Y2)  ,  NLC003', 'Engineering Mathematics II  ,  NLC003', 'Engineering Mechanics  ,  NLC003', 'Database Lab (IT Y2)  ,  CPL002', 'Database Lab (IT Y2)  ,  CPL002', 'Web Technologies (IT Y2)  ,  NLC002', 'Engineering Chemistry (Theory)  ,  NLC002'], ['Database Systems (IT Y2)  ,  NLC003', 'Engineering Mathematics II  ,  NLC003', 'Engineering Mechanics  ,  NLC003', 'Database Lab (IT Y2)  ,  CPL002', 'Database Lab (IT Y2)  ,  CPL002', 'Web Technologies (IT Y2)  ,  NLC002', 'Engineering Chemistry (Theory)  ,  NLC002'], ['Database Systems (IT Y2)  ,  NLC003', 'Engineering Mathematics II  ,  NLC003', 'Engineering Mechanics  ,  NLC003', 'Database Lab (IT Y2)  ,  CPL002', 'Database Lab (IT Y2)  ,  CPL002', 'Web Technologies (IT Y2)  ,  NLC002', 'Engineering Chemistry (Theory)  ,  NLC002'], ['Database Systems (IT Y2)  ,  NLC003', 'Engineering Mathematics II  ,  NLC003', 'Engineering Mechanics  ,  NLC003', 'Database Lab (IT Y2)  ,  CPL002', 'Database Lab (IT Y2)  ,  CPL002', 'Web Technologies (IT Y2)  ,  NLC002', 'Engineering Chemistry (Theory)  ,  NLC002'], ['Database Systems (IT Y2)  ,  NLC003', 'Engineering Mathematics II  ,  NLC003', 'Engineering Mechanics  ,  NLC003', 'Database Lab (IT Y2)  ,  CPL002', 'Database Lab (IT Y2)  ,  CPL002', 'Web Technologies (IT Y2)  ,  NLC002', 'Engineering Chemistry (Theory)  ,  NLC002']]",-12
12,IT Y2 B,IT,2,"{5: 5, 6: 6, 7: 7, 37: 37, 38: 38, 8: 8, 39: 39, 40: 40}","{5: -1, 6: -3, 7: -2, 37: -2, 38: -1, 8: -4, 39: -3, 40: -4}","[['Engineering Mathematics II  ,  NLC004', 'Database Systems (IT Y2)  ,  NLC004', 'Web Technologies (IT Y2)  ,  NLC004', 'Engineering Mechanics  ,  NLC002', 'Engineering Chemistry (Theory)  ,  NLC002', 0, 0], ['Engineering Mathematics II  ,  NLC004', 'Database Systems (IT Y2)  ,  NLC004', 'Web Technologies (IT Y2)  ,  NLC004', 'Engineering Mechanics  ,  NLC002', 'Engineering Chemistry (Theory)  ,  NLC002', 0, 0], ['Engineering Mathematics II  ,  NLC004', 'Database Systems (IT Y2)  ,  NLC004', 'Web Technologies (IT Y2)  ,  NLC004', 'Engineering Mechanics  ,  NLC002', 'Engineering Chemistry (Theory)  ,  NLC002', 0, 0], ['Engineering Mathematics II  ,  NLC004', 'Database Systems (IT Y2)  ,  NLC004', 'Web Technologies (IT Y2)  ,  NLC004', 'Engineering Mechanics  ,  NLC002', 'Engineering Chemistry (Theory)  ,  NLC002', 0, 0], ['Engineering Mathematics II  ,  NLC004', 'Database Systems (IT Y2)  ,  NLC004', 'Web Technologies (IT Y2)  ,  NLC004', 'Engineering Mechanics  ,  NLC002', 'Engineering Chemistry (Theory)  ,  NLC002', 0, 0], ['Engineering Mathematics II  ,  NLC004', 'Database Systems (IT Y2)  ,  NLC004', 'Web Technologies (IT Y2)  ,  NLC004', 'Engineering Mechanics  ,  NLC002', 'Engineering Chemistry (Theory)  ,  NLC002', 0, 0]]",-12
24,ECE Y4 B,ECE,4,"{13: 13, 14: 14, 15: 15, 61: 61, 62: 62, 16: 16, 63: 63, 64: 64}","{13: -2, 14: -1, 15: -3, 61: -2, 62: -1, 16: -4, 63: -3, 64: -4}","[['Circuit Theory (ECE Y4)  ,  NLC005', 'Project Management  ,  NLC005', 'Research Methodology  ,  NLC005', 'Engineering Ethics & Professional Practice  ,  NLC003', 'Communication Systems (ECE Y4)  ,  NLC003', 0, 0], ['Circuit Theory (ECE Y4)  ,  NLC005', 'Project Management  ,  NLC005', 'Research Methodology  ,  NLC005', 'Engineering Ethics & Professional Practice  ,  NLC003', 'Communication Systems (ECE Y4)  ,  NLC003', 0, 0], ['Circuit Theory (ECE Y4)  ,  NLC005', 'Project Management  ,  NLC005', 'Research Methodology  ,  NLC005', 'Engineering Ethics & Professional Practice  ,  NLC003', 'Communication Systems (ECE Y4)  ,  NLC003', 0, 0], ['Circuit Theory (ECE Y4)  ,  NLC005', 'Project Management  ,  NLC005', 'Research Methodology  ,  NLC005', 'Engineering Ethics & Professional Practice  ,  NLC003', 'Communication Systems (ECE Y4)  ,  NLC003', 0, 0], ['Circuit Theory (ECE Y4)  ,  NLC005', 'Project Management  ,  NLC005', 'Research Methodology  ,  NLC005', 'Engineering Ethics & Professional Practice  ,  NLC003', 'Communication Systems (ECE Y4)  ,  NLC003', 0, 0], ['Circuit Theory (ECE Y4)  ,  NLC005', 'Project Management  ,  NLC005', 'Research Methodology  ,  NLC005', 'Engineering Ethics & Professional Practice  ,  NLC003', 'Communication Systems (ECE Y4)  ,  NLC003', 0, 0]]",-12
23,ECE Y4 A,ECE,4,"{13: 13, 14: 14, 15: 15, 61: 61, 62: 62, 16: 16, 63: 63, 64: 64}","{13: -2, 14: -1, 15: -3, 61: -2, 62: -1, 16: -4, 63: -3, 64: -4}","[['Project Management  ,  NLC006', 'Circuit Theory (ECE Y4)  ,  NLC006', 'Engineering Ethics & Professional Practice  ,  NLC006', 'Research Methodology  ,  NLC004', 0, 'Communication Systems (ECE Y4)  ,  NLC003', 0], ['Project Management  ,  NLC006', 'Circuit Theory (ECE Y4)  ,  NLC006', 'Engineering Ethics & Professional Practice  ,  NLC006', 'Research Methodology  ,  NLC004', 0, 'Communication Systems (ECE Y4)  ,  NLC003', 0], ['Project Management  ,  NLC006', 'Circuit Theory (ECE Y4)  ,  NLC006', 'Engineering Ethics & Professional Practice  ,  NLC006', 'Research Methodology  ,  NLC004', 0, 'Communication Systems (ECE Y4)  ,  NLC003', 0], ['Project Management  ,  NLC006', 'Circuit Theory (ECE Y4)  ,  NLC006', 'Engineering Ethics & Professional Practice  ,  NLC006', 'Research Methodology  ,  NLC004', 0, 'Communication Systems (ECE Y4)  ,  NLC003', 0], ['Project Management  ,  NLC006', 'Circuit Theory (ECE Y4)  ,  NLC006', 'Engineering Ethics & Professional Practice  ,  NLC006', 'Research Methodology  ,  NLC004', 0, 'Communication Systems (ECE Y4)  ,  NLC003', 0], ['Project Management  ,  NLC006', 'Circuit Theory (ECE Y4)  ,  NLC006', 'Engineering Ethics & Professional Practice  ,  NLC006', 'Research Methodology  ,  NLC004', 0, 'Communication Systems (ECE Y4)  ,  NLC003', 0]]",-12
18,ECE Y1 B,ECE,1,"{1: 1, 2: 2, 3: 3, 49: 49, 50: 50, 4: 4, 51: 51, 52: 52}","{1: -2, 2: -1, 3: -3, 49: -2, 50: -1, 4: -4, 51: -3, 52: -4}","[['Electronic Devices (ECE Y1)  ,  NLC007', 'Engineering Physics (Theory)  ,  NLC007', 'Basic Electrical Engineering (Theory)  ,  NLC007', 'Engineering Mathematics I  ,  NLC005', 'Circuit Theory (ECE Y1)  ,  NLC004', 0, 0], ['Electronic Devices (ECE Y1)  ,  NLC007', 'Engineering Physics (Theory)  ,  NLC007', 'Basic Electrical Engineering (Theory)  ,  NLC007', 'Engineering Mathematics I  ,  NLC005', 'Circuit Theory (ECE Y1)  ,  NLC004', 0, 0], ['Electronic Devices (ECE Y1)  ,  NLC007', 'Engineering Physics (Theory)  ,  NLC007', 'Basic Electrical Engineering (Theory)  ,  NLC007', 'Engineering Mathematics I  ,  NLC005', 'Circuit Theory (ECE Y1)  ,  NLC004', 0, 0], ['Electronic Devices (ECE Y1)  ,  NLC007', 'Engineering Physics (Theory)  ,  NLC007', 'Basic Electrical Engineering (Theory)  ,  NLC007', 'Engineering Mathematics I  ,  NLC005', 'Circuit Theory (ECE Y1)  ,  NLC004', 0, 0], ['Electronic Devices (ECE Y1)  ,  NLC007', 'Engineering Physics (Theory)  ,  NLC007', 'Basic Electrical Engineering (Theory)  ,  NLC007', 'Engineering Mathematics I  ,  NLC005', 'Circuit Theory (ECE Y1)  ,  NLC004', 0, 0], ['Electronic Devices (ECE Y1)  ,  NLC007', 'Engineering Physics (Theory)  ,  NLC007', 'Basic Electrical Engineering (Theory)  ,  NLC007', 'Engineering Mathematics I  ,  NLC005', 'Circuit Theory (ECE Y1)  ,  NLC004', 0, 0]]",-12
17,ECE Y1 A,ECE,1,"{1: 1, 2: 2, 3: 3, 49: 49, 50: 50, 4: 4, 51: 51, 52: 52}","{1: -2, 2: -1, 3: -3, 49: -2, 50: -1, 4: -4, 51: -3, 52: -4}","[['Engineering Physics (Theory)  ,  NLC008', 'Electronic Devices (ECE Y1)  ,  NLC008', 'Engineering Mathematics I  ,  NLC008', 'Basic Electrical Engineering (Theory)  ,  NLC006', 0, 'Circuit Theory (ECE Y1)  ,  NLC004', 0], ['Engineering Physics (Theory)  ,  NLC008', 'Electronic Devices (ECE Y1)  ,  NLC008', 'Engineering Mathematics I  ,  NLC008', 'Basic Electrical Engineering (Theory)  ,  NLC006', 0, 'Circuit Theory (ECE Y1)  ,  NLC004', 0], ['Engineering Physics (Theory)  ,  NLC008', 'Electronic Devices (ECE Y1)  ,  NLC008', 'Engineering Mathematics I  ,  NLC008', 'Basic Electrical Engineering (Theory)  ,  NLC006', 0, 'Circuit Theory (ECE Y1)  ,  NLC004', 0], ['Engineering Physics (Theory)  ,  NLC008', 'Electronic Devices (ECE Y1)  ,  NLC008', 'Engineering Mathematics I  ,  NLC008', 'Basic Electrical Engineering (Theory)  ,  NLC006', 0, 'Circuit Theory (ECE Y1)  ,  NLC004', 0], ['Engineering Physics (Theory)  ,  NLC008', 'Electronic Devices (ECE Y1)  ,  NLC008', 'Engineering Mathematics I  ,  NLC008', 'Basic Electrical Engineering (Theory)  ,  NLC006', 0, 'Circuit Theory (ECE Y1)  ,  NLC004', 0], ['Engineering Physics (Theory)  ,  NLC008', 'Electronic Devices (ECE Y1)  ,  NLC008', 'Engineering Mathematics I  ,  NLC008', 'Basic Electrical Engineering (Theory)  ,  NLC006', 0, 'Circuit Theory (ECE Y1)  ,  NLC004', 0]]",-12
30,EE Y3 B,EE,3,"{9: 9, 10: 10, 11: 11, 73: 73, 74: 74, 12: 12, 75: 75, 76: 76}","{9: -3, 10: -2, 11: -1, 73: -2, 74: -1, 12: -4, 75: -3, 76: -4}","[['Control Systems (EE Y3)  ,  NLC009', 'Environmental Studies  ,  NLC009', 'Management and Economics  ,  NLC009', 'Control Systems Lab (EE Y3)  ,  BEE001', 'Control Systems Lab (EE Y3)  ,  BEE001', 'Power Systems (EE Y3)  ,  NLC005', 0], ['Control Systems (EE Y3)  ,  NLC009', 'Environmental Studies  ,  NLC009', 'Management and Economics  ,  NLC009', 'Control Systems Lab (EE Y3)  ,  BEE001', 'Control Systems Lab (EE Y3)  ,  BEE001', 'Power Systems (EE Y3)  ,  NLC005', 0], ['Control Systems (EE Y3)  ,  NLC009', 'Environmental Studies  ,  NLC009', 'Management and Economics  ,  NLC009', 'Control Systems Lab (EE Y3)  ,  BEE001', 'Control Systems Lab (EE Y3)  ,  BEE001', 'Power Systems (EE Y3)  ,  NLC005', 0], ['Control Systems (EE Y3)  ,  NLC009', 'Environmental Studies  ,  NLC009', 'Management and Economics  ,  NLC009', 'Control Systems Lab (EE Y3)  ,  BEE001', 'Control Systems Lab (EE Y3)  ,  BEE001', 'Power Systems (EE Y3)  ,  NLC005', 0], ['Control Systems (EE Y3)  ,  NLC009', 'Environmental Studies  ,  NLC009', 'Management and Economics  ,  NLC009', 'Control Systems Lab (EE Y3)  ,  BEE001', 'Control Systems Lab (EE Y3)  ,  BEE001', 'Power Systems (EE Y3)  ,  NLC005', 0], ['Control Systems (EE Y3)  ,  NLC009', 'Environmental Studies  ,  NLC009', 'Management and Economics  ,  NLC009', 'Control Systems Lab (EE Y3)  ,  BEE001', 'Control Systems Lab (EE Y3)  ,  BEE001', 'Power Systems (EE Y3)  ,  NLC005', 0]]",-12
29,EE Y3 A,EE,3,"{9: 9, 10: 10, 11: 11, 73: 73, 74: 74, 12: 12, 75: 75, 76: 76}","{9: -3, 10: -2, 11: -1, 73: -2, 74: -1, 12: -4, 75: -3, 76: -4}","[['Environmental Studies  ,  NLC010', 'Control Systems (EE Y3)  ,  NLC010', 'Power Systems (EE Y3)  ,  NLC010', 'Management and Economics  ,  NLC007', 0, 'Probability and Statistics  ,  NLC006', 0], ['Environmental Studies  ,  NLC010', 'Control Systems (EE Y3)  ,  NLC010', 'Power Systems (EE Y3)  ,  NLC010', 'Management and Economics  ,  NLC007', 0, 'Probability and Statistics  ,  NLC006', 0], ['Environmental Studies  ,  NLC010', 'Control Systems (EE Y3)  ,  NLC010', 'Power Systems (EE Y3)  ,  NLC010', 'Management and Economics  ,  NLC007', 0, 'Probability and Statistics  ,  NLC006', 0], ['Environmental Studies  ,  NLC010', 'Control Systems (EE Y3)  ,  NLC010', 'Power Systems (EE Y3)  ,  NLC010', 'Management and Economics  ,  NLC007', 0, 'Probability and Statistics  ,  NLC006', 0], ['Environmental Studies  ,  NLC010', 'Control Systems (EE Y3)  ,  NLC010', 'Power Systems (EE Y3)  ,  NLC010', 'Management and Economics  ,  NLC007', 0, 'Probability and Statistics  ,  NLC006', 0], ['Environmental Studies  ,  NLC010', 'Control Systems (EE Y3)  ,  NLC010', 'Power Systems (EE Y3)  ,  NLC010', 'Management and Economics  ,  NLC007', 0, 'Probability and Statistics  ,  NLC006', 0]]",-12
14,IT Y3 B,IT,3,"{9: 9, 10: 10, 11: 11, 41: 41, 42: 42, 12: 12, 43: 43, 44: 44}","{9: -3, 10: -2, 11: -1, 41: -1, 42: -3, 12: -4, 43: -3, 44: -4}","[['Database Systems (IT Y3)  ,  NLC011', 'Information Security (IT Y3)  ,  NLC011', 'Probability and Statistics  ,  NLC011', 0, 'Management and Economics  ,  NLC005', 'Environmental Studies  ,  NLC007', 0], ['Database Systems (IT Y3)  ,  NLC011', 'Information Security (IT Y3)  ,  NLC011', 'Probability and Statistics  ,  NLC011', 0, 'Management and Economics  ,  NLC005', 'Environmental Studies  ,  NLC007', 0], ['Database Systems (IT Y3)  ,  NLC011', 'Information Security (IT Y3)  ,  NLC011', 'Probability and Statistics  ,  NLC011', 0, 'Management and Economics  ,  NLC005', 'Environmental Studies  ,  NLC007', 0], ['Database Systems (IT Y3)  ,  NLC011', 'Information Security (IT Y3)  ,  NLC011', 'Probability and Statistics  ,  NLC011', 0, 'Management and Economics  ,  NLC005', 'Environmental Studies  ,  NLC007', 0], ['Database Systems (IT Y3)  ,  NLC011', 'Information Security (IT Y3)  ,  NLC011', 'Probability and Statistics  ,  NLC011', 0, 'Management and Economics  ,  NLC005', 'Environmental Studies  ,  NLC007', 0], ['Database Systems (IT Y3)  ,  NLC011', 'Information Security (IT Y3)  ,  NLC011', 'Probability and Statistics  ,  NLC011', 0, 'Management and Economics  ,  NLC005', 'Environmental Studies  ,  NLC007', 0]]",-13
13,IT Y3 A,IT,3,"{9: 9, 10: 10, 11: 11, 41: 41, 42: 42, 12: 12, 43: 43, 44: 44}","{9: -3, 10: -2, 11: -1, 41: -1, 42: -3, 12: -4, 43: -3, 44: -4}","[['Information Security (IT Y3)  ,  NLC012', 'Database Systems (IT Y3)  ,  NLC012', 0, 'Probability and Statistics  ,  NLC008', 'Environmental Studies  ,  NLC006', 'Management and Economics  ,  NLC008', 0], ['Information Security (IT Y3)  ,  NLC012', 'Database Systems (IT Y3)  ,  NLC012', 0, 'Probability and Statistics  ,  NLC008', 'Environmental Studies  ,  NLC006', 'Management and Economics  ,  NLC008', 0], ['Information Security (IT Y3)  ,  NLC012', 'Database Systems (IT Y3)  ,  NLC012', 0, 'Probability and Statistics  ,  NLC008', 'Environmental Studies  ,  NLC006', 'Management and Economics  ,  NLC008', 0], ['Information Security (IT Y3)  ,  NLC012', 'Database Systems (IT Y3)  ,  NLC012', 0, 'Probability and Statistics  ,  NLC008', 'Environmental Studies  ,  NLC006', 'Management and Economics  ,  NLC008', 0], ['Information Security (IT Y3)  ,  NLC012', 'Database Systems (IT Y3)  ,  NLC012', 0, 'Probability and Statistics  ,  NLC008', 'Environmental Studies  ,  NLC006', 'Management and Economics  ,  NLC008', 0], ['Information Security (IT Y3)  ,  NLC012', 'Database Systems (IT Y3)  ,  NLC012', 0, 'Probability and Statistics  ,  NLC008', 'Environmental Studies  ,  NLC006', 'Management and Economics  ,  NLC008', 0]]",-13
7,CSE Y4 A,CSE,4,"{13: 13, 14: 14, 15: 15, 29: 29, 30: 30, 16: 16, 31: 31, 32: 32}","{13: -2, 14: -1, 15: -3, 29: -1, 30: -3, 16: -4, 31: -3, 32: -4}","[['Research Methodology  ,  NLC013', 'Operating Systems (CSE Y4)  ,  NLC013', 'Project Management  ,  NLC012', 'Programming Fundamentals (CSE Y4)  ,  NLC009', 'Engineering Ethics & Professional Practice  ,  NLC007', 0, 0], ['Research Methodology  ,  NLC013', 'Operating Systems (CSE Y4)  ,  NLC013', 'Project Management  ,  NLC012', 'Programming Fundamentals (CSE Y4)  ,  NLC009', 'Engineering Ethics & Professional Practice  ,  NLC007', 0, 0], ['Research Methodology  ,  NLC013', 'Operating Systems (CSE Y4)  ,  NLC013', 'Project Management  ,  NLC012', 'Programming Fundamentals (CSE Y4)  ,  NLC009', 'Engineering Ethics & Professional Practice  ,  NLC007', 0, 0], ['Research Methodology  ,  NLC013', 'Operating Systems (CSE Y4)  ,  NLC013', 'Project Management  ,  NLC012', 'Programming Fundamentals (CSE Y4)  ,  NLC009', 'Engineering Ethics & Professional Practice  ,  NLC007', 0, 0], ['Research Methodology  ,  NLC013', 'Operating Systems (CSE Y4)  ,  NLC013', 'Project Management  ,  NLC012', 'Programming Fundamentals (CSE Y4)  ,  NLC009', 'Engineering Ethics & Professional Practice  ,  NLC007', 0, 0], ['Research Methodology  ,  NLC013', 'Operating Systems (CSE Y4)  ,  NLC013', 'Project Management  ,  NLC012', 'Programming Fundamentals (CSE Y4)  ,  NLC009', 'Engineering Ethics & Professional Practice  ,  NLC007', 0, 0]]",-13
8,CSE Y4 B,CSE,4,"{13: 13, 14: 14, 15: 15, 29: 29, 30: 30, 16: 16, 31: 31, 32: 32}","{13: -2, 14: -1, 15: -3, 29: -1, 30: -3, 16: -4, 31: -3, 32: -4}","[['Operating Systems (CSE Y4)  ,  NLC014', 'Research Methodology  ,  NLC014', 'Programming Fundamentals (CSE Y4)  ,  NLC013', 'Project Management  ,  NLC010', 0, 'Engineering Ethics & Professional Practice  ,  NLC009', 0], ['Operating Systems (CSE Y4)  ,  NLC014', 'Research Methodology  ,  NLC014', 'Programming Fundamentals (CSE Y4)  ,  NLC013', 'Project Management  ,  NLC010', 0, 'Engineering Ethics & Professional Practice  ,  NLC009', 0], ['Operating Systems (CSE Y4)  ,  NLC014', 'Research Methodology  ,  NLC014', 'Programming Fundamentals (CSE Y4)  ,  NLC013', 'Project Management  ,  NLC010', 0, 'Engineering Ethics & Professional Practice  ,  NLC009', 0], ['Operating Systems (CSE Y4)  ,  NLC014', 'Research Methodology  ,  NLC014', 'Programming Fundamentals (CSE Y4)  ,  NLC013', 'Project Management  ,  NLC010', 0, 'Engineering Ethics & Professional Practice  ,  NLC009', 0], ['Operating Systems (CSE Y4)  ,  NLC014', 'Research Methodology  ,  NLC014', 'Programming Fundamentals (CSE Y4)  ,  NLC013', 'Project Management  ,  NLC010', 0, 'Engineering Ethics & Professional Practice  ,  NLC009', 0], ['Operating Systems (CSE Y4)  ,  NLC014', 'Research Methodology  ,  NLC014', 'Programming Fundamentals (CSE Y4)  ,  NLC013', 'Project Management  ,  NLC010', 0, 'Engineering Ethics & Professional Practice  ,  NLC009', 0]]",-13
1,CSE Y1 A,CSE,1,"{1: 1, 2: 2, 3: 3, 17: 17, 18: 18, 4: 4, 19: 19, 20: 20}","{1: -2, 2: -1, 3: -3, 17: -1, 18: -3, 4: -4, 19: -3, 20: -4}","[['Basic Electrical Engineering (Theory)  ,  NLC015', 'Programming Fundamentals (CSE Y1)  ,  NLC015', 'Engineering Physics (Theory)  ,  NLC014', 'Data Structures (CSE Y1)  ,  NLC011', 'Engineering Mathematics I  ,  NLC008', 0, 0], ['Basic Electrical Engineering (Theory)  ,  NLC015', 'Programming Fundamentals (CSE Y1)  ,  NLC015', 'Engineering Physics (Theory)  ,  NLC014', 'Data Structures (CSE Y1)  ,  NLC011', 'Engineering Mathematics I  ,  NLC008', 0, 0], ['Basic Electrical Engineering (Theory)  ,  NLC015', 'Programming Fundamentals (CSE Y1)  ,  NLC015', 'Engineering Physics (Theory)  ,  NLC014', 'Data Structures (CSE Y1)  ,  NLC011', 'Engineering Mathematics I  ,  NLC008', 0, 0], ['Basic Electrical Engineering (Theory)  ,  NLC015', 'Programming Fundamentals (CSE Y1)  ,  NLC015', 'Engineering Physics (Theory)  ,  NLC014', 'Data Structures (CSE Y1)  ,  NLC011', 'Engineering Mathematics I  ,  NLC008', 0, 0], ['Basic Electrical Engineering (Theory)  ,  NLC015', 'Programming Fundamentals (CSE Y1)  ,  NLC015', 'Engineering Physics (Theory)  ,  NLC014', 'Data Structures (CSE Y1)  ,  NLC011', 'Engineering Mathematics I  ,  NLC008', 0, 0], ['Basic Electrical Engineering (Theory)  ,  NLC015', 'Programming Fundamentals (CSE Y1)  ,  NLC015', 'Engineering Physics (Theory)  ,  NLC014', 'Data Structures (CSE Y1)  ,  NLC011', 'Engineering Mathematics I  ,  NLC008', 0, 0]]",-13
2,CSE Y1 B,CSE,1,"{1: 1, 2: 2, 3: 3, 17: 17, 18: 18, 4: 4, 19: 19, 20: 20}","{1: -2, 2: -1, 3: -3, 17: -1, 18: -3, 4: -4, 19: -3, 20: -4}","[['Programming Fundamentals (CSE Y1)  ,  NLC016', 'Basic Electrical Engineering (Theory)  ,  NLC016', 'Data Structures (CSE Y1)  ,  NLC015', 'Engineering Physics (Theory)  ,  NLC012', 0, 'Engineering Mathematics I  ,  NLC010', 0], ['Programming Fundamentals (CSE Y1)  ,  NLC016', 'Basic Electrical Engineering (Theory)  ,  NLC016', 'Data Structures (CSE Y1)  ,  NLC015', 'Engineering Physics (Theory)  ,  NLC012', 0, 'Engineering Mathematics I  ,  NLC010', 0], ['Programming Fundamentals (CSE Y1)  ,  NLC016', 'Basic Electrical Engineering (Theory)  ,  NLC016', 'Data Structures (CSE Y1)  ,  NLC015', 'Engineering Physics (Theory)  ,  NLC012', 0, 'Engineering Mathematics I  ,  NLC010', 0], ['Programming Fundamentals (CSE Y1)  ,  NLC016', 'Basic Electrical Engineering (Theory)  ,  NLC016', 'Data Structures (CSE Y1)  ,  NLC015', 'Engineering Physics (Theory)  ,  NLC012', 0, 'Engineering Mathematics I  ,  NLC010', 0], ['Programming Fundamentals (CSE Y1)  ,  NLC016', 'Basic Electrical Engineering (Theory)  ,  NLC016', 'Data Structures (CSE Y1)  ,  NLC015', 'Engineering Physics (Theory)  ,  NLC012', 0, 'Engineering Mathematics I  ,  NLC010', 0], ['Programming Fundamentals (CSE Y1)  ,  NLC016', 'Basic Electrical Engineering (Theory)  ,  NLC016', 'Data Structures (CSE Y1)  ,  NLC015', 'Engineering Physics (Theory)  ,  NLC012', 0, 'Engineering Mathematics I  ,  NLC010', 0]]",-13
31,EE Y4 A,EE,4,"{13: 13, 14: 14, 15: 15, 77: 77, 78: 78, 16: 16, 79: 79, 80: 80}","{13: -2, 14: -1, 15: -3, 77: -1, 78: -3, 16: -4, 79: -3, 80: -4}","[['Control Systems (EE Y4)  ,  NLC017', 'Circuit Analysis (EE Y4)  ,  NLC017', 0, 0, 'Project Management  ,  NLC009', 'Research Methodology  ,  NLC011', 'Engineering Ethics & Professional Practice  ,  NLC003'], ['Control Systems (EE Y4)  ,  NLC017', 'Circuit Analysis (EE Y4)  ,  NLC017', 0, 0, 'Project Management  ,  NLC009', 'Research Methodology  ,  NLC011', 'Engineering Ethics & Professional Practice  ,  NLC003'], ['Control Systems (EE Y4)  ,  NLC017', 'Circuit Analysis (EE Y4)  ,  NLC017', 0, 0, 'Project Management  ,  NLC009', 'Research Methodology  ,  NLC011', 'Engineering Ethics & Professional Practice  ,  NLC003'], ['Control Systems (EE Y4)  ,  NLC017', 'Circuit Analysis (EE Y4)  ,  NLC017', 0, 0, 'Project Management  ,  NLC009', 'Research Methodology  ,  NLC011', 'Engineering Ethics & Professional Practice  ,  NLC003'], ['Control Systems (EE Y4)  ,  NLC017', 'Circuit Analysis (EE Y4)  ,  NLC017', 0, 0, 'Project Management  ,  NLC009', 'Research Methodology  ,  NLC011', 'Engineering Ethics & Professional Practice  ,  NLC003'], ['Control Systems (EE Y4)  ,  NLC017', 'Circuit Analysis (EE Y4)  ,  NLC017', 0, 0, 'Project Management  ,  NLC009', 'Research Methodology  ,  NLC011', 'Engineering Ethics & Professional Practice  ,  NLC003']]",-13
32,EE Y4 B,EE,4,"{13: 13, 14: 14, 15: 15, 77: 77, 78: 78, 16: 16, 79: 79, 80: 80}","{13: -2, 14: -1, 15: -3, 77: -1, 78: -3, 16: -4, 79: -3, 80: -4}","[['Circuit Analysis (EE Y4)  ,  NLC018', 'Control Systems (EE Y4)  ,  NLC018', 0, 0, 'Research Methodology  ,  NLC010', 'Project Management  ,  NLC012', 0], ['Circuit Analysis (EE Y4)  ,  NLC018', 'Control Systems (EE Y4)  ,  NLC018', 0, 0, 'Research Methodology  ,  NLC010', 'Project Management  ,  NLC012', 0], ['Circuit Analysis (EE Y4)  ,  NLC018', 'Control Systems (EE Y4)  ,  NLC018', 0, 0, 'Research Methodology  ,  NLC010', 'Project Management  ,  NLC012', 0], ['Circuit Analysis (EE Y4)  ,  NLC018', 'Control Systems (EE Y4)  ,  NLC018', 0, 0, 'Research Methodology  ,  NLC010', 'Project Management  ,  NLC012', 0], ['Circuit Analysis (EE Y4)  ,  NLC018', 'Control Systems (EE Y4)  ,  NLC018', 0, 0, 'Research Methodology  ,  NLC010', 'Project Management  ,  NLC012', 0], ['Circuit Analysis (EE Y4)  ,  NLC018', 'Control Systems (EE Y4)  ,  NLC018', 0, 0, 'Research Methodology  ,  NLC010', 'Project Management  ,  NLC012', 0]]",-13
25,EE Y1 A,EE,1,"{1: 1, 2: 2, 3: 3, 65: 65, 66: 66, 4: 4, 67: 67, 68: 68}","{1: -2, 2: -1, 3: -3, 65: -1, 66: -3, 4: -4, 67: -3, 68: -4}","[['Circuit Analysis (EE Y1)  ,  NLC019', 'Electrical Machines (EE Y1)  ,  NLC019', 0, 0, 'Engineering Physics (Theory)  ,  NLC011', 'Basic Electrical Engineering (Theory)  ,  NLC013', 'Engineering Mathematics I  ,  NLC004'], ['Circuit Analysis (EE Y1)  ,  NLC019', 'Electrical Machines (EE Y1)  ,  NLC019', 0, 0, 'Engineering Physics (Theory)  ,  NLC011', 'Basic Electrical Engineering (Theory)  ,  NLC013', 'Engineering Mathematics I  ,  NLC004'], ['Circuit Analysis (EE Y1)  ,  NLC019', 'Electrical Machines (EE Y1)  ,  NLC019', 0, 0, 'Engineering Physics (Theory)  ,  NLC011', 'Basic Electrical Engineering (Theory)  ,  NLC013', 'Engineering Mathematics I  ,  NLC004'], ['Circuit Analysis (EE Y1)  ,  NLC019', 'Electrical Machines (EE Y1)  ,  NLC019', 0, 0, 'Engineering Physics (Theory)  ,  NLC011', 'Basic Electrical Engineering (Theory)  ,  NLC013', 'Engineering Mathematics I  ,  NLC004'], ['Circuit Analysis (EE Y1)  ,  NLC019', 'Electrical Machines (EE Y1)  ,  NLC019', 0, 0, 'Engineering Physics (Theory)  ,  NLC011', 'Basic Electrical Engineering (Theory)  ,  NLC013', 'Engineering Mathematics I  ,  NLC004'], ['Circuit Analysis (EE Y1)  ,  NLC019', 'Electrical Machines (EE Y1)  ,  NLC019', 0, 0, 'Engineering Physics (Theory)  ,  NLC011', 'Basic Electrical Engineering (Theory)  ,  NLC013', 'Engineering Mathematics I  ,  NLC004']]",-13
26,EE Y1 B,EE,1,"{1: 1, 2: 2, 3: 3, 65: 65, 66: 66, 4: 4, 67: 67, 68: 68}","{1: -2, 2: -1, 3: -3, 65: -1, 66: -3, 4: -4, 67: -3, 68: -4}","[['Electrical Machines (EE Y1)  ,  NLC020', 'Circuit Analysis (EE Y1)  ,  NLC020', 0, 0, 'Basic Electrical Engineering (Theory)  ,  NLC012', 'Engineering Physics (Theory)  ,  NLC014', 0], ['Electrical Machines (EE Y1)  ,  NLC020', 'Circuit Analysis (EE Y1)  ,  NLC020', 0, 0, 'Basic Electrical Engineering (Theory)  ,  NLC012', 'Engineering Physics (Theory)  ,  NLC014', 0], ['Electrical Machines (EE Y1)  ,  NLC020', 'Circuit Analysis (EE Y1)  ,  NLC020', 0, 0, 'Basic Electrical Engineering (Theory)  ,  NLC012', 'Engineering Physics (Theory)  ,  NLC014', 0], ['Electrical Machines (EE Y1)  ,  NLC020', 'Circuit Analysis (EE Y1)  ,  NLC020', 0, 0, 'Basic Electrical Engineering (Theory)  ,  NLC012', 'Engineering Physics (Theory)  ,  NLC014', 0], ['Electrical Machines (EE Y1)  ,  NLC020', 'Circuit Analysis (EE Y1)  ,  NLC020', 0, 0, 'Basic Electrical Engineering (Theory)  ,  NLC012', 'Engineering Physics (Theory)  ,  NLC014', 0], ['Electrical Machines (EE Y1)  ,  NLC020', 'Circuit Analysis (EE Y1)  ,  NLC020', 0, 0, 'Basic Electrical Engineering (Theory)  ,  NLC012', 'Engineering Physics (Theory)  ,  NLC014', 0]]",-13
20,ECE Y2 B,ECE,2,"{5: 5, 6: 6, 7: 7, 53: 53, 54: 54, 8: 8, 55: 55, 56: 56}","{5: -1, 6: -3, 7: -2, 53: -1, 54: -3, 8: -4, 55: -3, 56: -4}","[[0, 0, 'Signal Processing (ECE Y2)  ,  NLC016', 'Engineering Mathematics II  ,  NLC013', 'Engineering Mechanics  ,  NLC013', 'Electronic Devices (ECE Y2)  ,  NLC015', 0], [0, 0, 'Signal Processing (ECE Y2)  ,  NLC016', 'Engineering Mathematics II  ,  NLC013', 'Engineering Mechanics  ,  NLC013', 'Electronic Devices (ECE Y2)  ,  NLC015', 0], [0, 0, 'Signal Processing (ECE Y2)  ,  NLC016', 'Engineering Mathematics II  ,  NLC013', 'Engineering Mechanics  ,  NLC013', 'Electronic Devices (ECE Y2)  ,  NLC015', 0], [0, 0, 'Signal Processing (ECE Y2)  ,  NLC016', 'Engineering Mathematics II  ,  NLC013', 'Engineering Mechanics  ,  NLC013', 'Electronic Devices (ECE Y2)  ,  NLC015', 0], [0, 0, 'Signal Processing (ECE Y2)  ,  NLC016', 'Engineering Mathematics II  ,  NLC013', 'Engineering Mechanics  ,  NLC013', 'Electronic Devices (ECE Y2)  ,  NLC015', 0], [0, 0, 'Signal Processing (ECE Y2)  ,  NLC016', 'Engineering Mathematics II  ,  NLC013', 'Engineering Mechanics  ,  NLC013', 'Electronic Devices (ECE Y2)  ,  NLC015', 0]]",-13
19,ECE Y2 A,ECE,2,"{5: 5, 6: 6, 7: 7, 53: 53, 54: 54, 8: 8, 55: 55, 56: 56}","{5: -1, 6: -3, 7: -2, 53: -1, 54: -3, 8: -4, 55: -3, 56: -4}","[[0, 0, 'Engineering Mathematics II  ,  NLC017', 'Signal Processing (ECE Y2)  ,  NLC014', 'Electronic Devices (ECE Y2)  ,  NLC014', 'Engineering Mechanics  ,  NLC016', 0], [0, 0, 'Engineering Mathematics II  ,  NLC017', 'Signal Processing (ECE Y2)  ,  NLC014', 'Electronic Devices (ECE Y2)  ,  NLC014', 'Engineering Mechanics  ,  NLC016', 0], [0, 0, 'Engineering Mathematics II  ,  NLC017', 'Signal Processing (ECE Y2)  ,  NLC014', 'Electronic Devices (ECE Y2)  ,  NLC014', 'Engineering Mechanics  ,  NLC016', 0], [0, 0, 'Engineering Mathematics II  ,  NLC017', 'Signal Processing (ECE Y2)  ,  NLC014', 'Electronic Devices (ECE Y2)  ,  NLC014', 'Engineering Mechanics  ,  NLC016', 0], [0, 0, 'Engineering Mathematics II  ,  NLC017', 'Signal Processing (ECE Y2)  ,  NLC014', 'Electronic Devices (ECE Y2)  ,  NLC014', 'Engineering Mechanics  ,  NLC016', 0], [0, 0, 'Engineering Mathematics II  ,  NLC017', 'Signal Processing (ECE Y2)  ,  NLC014', 'Electronic Devices (ECE Y2)  ,  NLC014', 'Engineering Mechanics  ,  NLC016', 0]]",-13
4,CSE Y2 B,CSE,2,"{5: 5, 6: 6, 7: 7, 21: 21, 22: 22, 8: 8, 23: 23, 24: 24}","{5: -1, 6: -3, 7: -2, 21: -3, 22: -2, 8: -4, 23: -3, 24: -4}","[[0, 0, 'Algorithms (CSE Y2)  ,  NLC018', 'Engineering Chemistry (Theory)  ,  NLC015', 'Engineering Mathematics II  ,  NLC015', 'Data Structures (CSE Y2)  ,  NLC017', 'Engineering Mechanics  ,  NLC005'], [0, 0, 'Algorithms (CSE Y2)  ,  NLC018', 'Engineering Chemistry (Theory)  ,  NLC015', 'Engineering Mathematics II  ,  NLC015', 'Data Structures (CSE Y2)  ,  NLC017', 'Engineering Mechanics  ,  NLC005'], [0, 0, 'Algorithms (CSE Y2)  ,  NLC018', 'Engineering Chemistry (Theory)  ,  NLC015', 'Engineering Mathematics II  ,  NLC015', 'Data Structures (CSE Y2)  ,  NLC017', 'Engineering Mechanics  ,  NLC005'], [0, 0, 'Algorithms (CSE Y2)  ,  NLC018', 'Engineering Chemistry (Theory)  ,  NLC015', 'Engineering Mathematics II  ,  NLC015', 'Data Structures (CSE Y2)  ,  NLC017', 'Engineering Mechanics  ,  NLC005'], [0, 0, 'Algorithms (CSE Y2)  ,  NLC018', 'Engineering Chemistry (Theory)  ,  NLC015', 'Engineering Mathematics II  ,  NLC015', 'Data Structures (CSE Y2)  ,  NLC017', 'Engineering Mechanics  ,  NLC005'], [0, 0, 'Algorithms (CSE Y2)  ,  NLC018', 'Engineering Chemistry (Theory)  ,  NLC015', 'Engineering Mathematics II  ,  NLC015', 'Data Structures (CSE Y2)  ,  NLC017', 'Engineering Mechanics  ,  NLC005']]",-14
3,CSE Y2 A,CSE,2,"{5: 5, 6: 6, 7: 7, 21: 21, 22: 22, 8: 8, 23: 23, 24: 24}","{5: -1, 6: -3, 7: -2, 21: -3, 22: -2, 8: -4, 23: -3, 24: -4}","[['Data Structures Lab (CSE Y2)  ,  CPL001', 'Data Structures Lab (CSE Y2)  ,  CPL001', 'Engineering Chemistry (Theory)  ,  NLC019', 'Algorithms (CSE Y2)  ,  NLC016', 'Data Structures (CSE Y2)  ,  NLC016', 'Engineering Mathematics II  ,  NLC018', 0], ['Data Structures Lab (CSE Y2)  ,  CPL001', 'Data Structures Lab (CSE Y2)  ,  CPL001', 'Engineering Chemistry (Theory)  ,  NLC019', 'Algorithms (CSE Y2)  ,  NLC016', 'Data Structures (CSE Y2)  ,  NLC016', 'Engineering Mathematics II  ,  NLC018', 0], ['Data Structures Lab (CSE Y2)  ,  CPL001', 'Data Structures Lab (CSE Y2)  ,  CPL001', 'Engineering Chemistry (Theory)  ,  NLC019', 'Algorithms (CSE Y2)  ,  NLC016', 'Data Structures (CSE Y2)  ,  NLC016', 'Engineering Mathematics II  ,  NLC018', 0], ['Data Structures Lab (CSE Y2)  ,  CPL001', 'Data Structures Lab (CSE Y2)  ,  CPL001', 'Engineering Chemistry (Theory)  ,  NLC019', 'Algorithms (CSE Y2)  ,  NLC016', 'Data Structures (CSE Y2)  ,  NLC016', 'Engineering Mathematics II  ,  NLC018', 0], ['Data Structures Lab (CSE Y2)  ,  CPL001', 'Data Structures Lab (CSE Y2)  ,  CPL001', 'Engineering Chemistry (Theory)  ,  NLC019', 'Algorithms (CSE Y2)  ,  NLC016', 'Data Structures (CSE Y2)  ,  NLC016', 'Engineering Mathematics II  ,  NLC018', 0], ['Data Structures Lab (CSE Y2)  ,  CPL001', 'Data Structures Lab (CSE Y2)  ,  CPL001', 'Engineering Chemistry (Theory)  ,  NLC019', 'Algorithms (CSE Y2)  ,  NLC016', 'Data Structures (CSE Y2)  ,  NLC016', 'Engineering Mathematics II  ,  NLC018', 0]]",-14
16,IT Y4 B,IT,4,"{13: 13, 14: 14, 15: 15, 45: 45, 46: 46, 16: 16, 47: 47, 48: 48}","{13: -2, 14: -1, 15: -3, 45: -3, 46: -2, 16: -4, 47: -3, 48: -4}","[[0, 0, 'IT Fundamentals (IT Y4)  ,  NLC020', 'Information Security Lab (IT Y4)  ,  CPL003', 'Information Security Lab (IT Y4)  ,  CPL003', 'Information Security (IT Y4)  ,  NLC019', 'Research Methodology  ,  NLC006'], [0, 0, 'IT Fundamentals (IT Y4)  ,  NLC020', 'Information Security Lab (IT Y4)  ,  CPL003', 'Information Security Lab (IT Y4)  ,  CPL003', 'Information Security (IT Y4)  ,  NLC019', 'Research Methodology  ,  NLC006'], [0, 0, 'IT Fundamentals (IT Y4)  ,  NLC020', 'Information Security Lab (IT Y4)  ,  CPL003', 'Information Security Lab (IT Y4)  ,  CPL003', 'Information Security (IT Y4)  ,  NLC019', 'Research Methodology  ,  NLC006'], [0, 0, 'IT Fundamentals (IT Y4)  ,  NLC020', 'Information Security Lab (IT Y4)  ,  CPL003', 'Information Security Lab (IT Y4)  ,  CPL003', 'Information Security (IT Y4)  ,  NLC019', 'Research Methodology  ,  NLC006'], [0, 0, 'IT Fundamentals (IT Y4)  ,  NLC020', 'Information Security Lab (IT Y4)  ,  CPL003', 'Information Security Lab (IT Y4)  ,  CPL003', 'Information Security (IT Y4)  ,  NLC019', 'Research Methodology  ,  NLC006'], [0, 0, 'IT Fundamentals (IT Y4)  ,  NLC020', 'Information Security Lab (IT Y4)  ,  CPL003', 'Information Security Lab (IT Y4)  ,  CPL003', 'Information Security (IT Y4)  ,  NLC019', 'Research Methodology  ,  NLC006']]",-14
15,IT Y4 A,IT,4,"{13: 13, 14: 14, 15: 15, 45: 45, 46: 46, 16: 16, 47: 47, 48: 48}","{13: -2, 14: -1, 15: -3, 45: -3, 46: -2, 16: -4, 47: -3, 48: -4}","[['Information Security Lab (IT Y4)  ,  CPL002', 'Information Security Lab (IT Y4)  ,  CPL002', 0, 'IT Fundamentals (IT Y4)  ,  NLC017', 'Information Security (IT Y4)  ,  NLC017', 0, 'Project Management  ,  NLC007'], ['Information Security Lab (IT Y4)  ,  CPL002', 'Information Security Lab (IT Y4)  ,  CPL002', 0, 'IT Fundamentals (IT Y4)  ,  NLC017', 'Information Security (IT Y4)  ,  NLC017', 0, 'Project Management  ,  NLC007'], ['Information Security Lab (IT Y4)  ,  CPL002', 'Information Security Lab (IT Y4)  ,  CPL002', 0, 'IT Fundamentals (IT Y4)  ,  NLC017', 'Information Security (IT Y4)  ,  NLC017', 0, 'Project Management  ,  NLC007'], ['Information Security Lab (IT Y4)  ,  CPL002', 'Information Security Lab (IT Y4)  ,  CPL002', 0, 'IT Fundamentals (IT Y4)  ,  NLC017', 'Information Security (IT Y4)  ,  NLC017', 0, 'Project Management  ,  NLC007'], ['Information Security Lab (IT Y4)  ,  CPL002', 'Information Security Lab (IT Y4)  ,  CPL002', 0, 'IT Fundamentals (IT Y4)  ,  NLC017', 'Information Security (IT Y4)  ,  NLC017', 0, 'Project Management  ,  NLC007'], ['Information Security Lab (IT Y4)  ,  CPL002', 'Information Security Lab (IT Y4)  ,  CPL002', 0, 'IT Fundamentals (IT Y4)  ,  NLC017', 'Information Security (IT Y4)  ,  NLC017', 0, 'Project Management  ,  NLC007']]",-14
10,IT Y1 B,IT,1,"{1: 1, 2: 2, 3: 3, 33: 33, 34: 34, 4: 4, 35: 35, 36: 36}","{1: -2, 2: -1, 3: -3, 33: -3, 34: -2, 4: -4, 35: -3, 36: -4}","[['Web Technologies Lab (IT Y1)  ,  CPL003', 'Web Technologies Lab (IT Y1)  ,  CPL003', 0, 'Web Technologies (IT Y1)  ,  NLC018', 'IT Fundamentals (IT Y1)  ,  NLC018', 0, 'Basic Electrical Engineering (Theory)  ,  NLC008'], ['Web Technologies Lab (IT Y1)  ,  CPL003', 'Web Technologies Lab (IT Y1)  ,  CPL003', 0, 'Web Technologies (IT Y1)  ,  NLC018', 'IT Fundamentals (IT Y1)  ,  NLC018', 0, 'Basic Electrical Engineering (Theory)  ,  NLC008'], ['Web Technologies Lab (IT Y1)  ,  CPL003', 'Web Technologies Lab (IT Y1)  ,  CPL003', 0, 'Web Technologies (IT Y1)  ,  NLC018', 'IT Fundamentals (IT Y1)  ,  NLC018', 0, 'Basic Electrical Engineering (Theory)  ,  NLC008'], ['Web Technologies Lab (IT Y1)  ,  CPL003', 'Web Technologies Lab (IT Y1)  ,  CPL003', 0, 'Web Technologies (IT Y1)  ,  NLC018', 'IT Fundamentals (IT Y1)  ,  NLC018', 0, 'Basic Electrical Engineering (Theory)  ,  NLC008'], ['Web Technologies Lab (IT Y1)  ,  CPL003', 'Web Technologies Lab (IT Y1)  ,  CPL003', 0, 'Web Technologies (IT Y1)  ,  NLC018', 'IT Fundamentals (IT Y1)  ,  NLC018', 0, 'Basic Electrical Engineering (Theory)  ,  NLC008'], ['Web Technologies Lab (IT Y1)  ,  CPL003', 'Web Technologies Lab (IT Y1)  ,  CPL003', 0, 'Web Technologies (IT Y1)  ,  NLC018', 'IT Fundamentals (IT Y1)  ,  NLC018', 0, 'Basic Electrical Engineering (Theory)  ,  NLC008']]",-14
9,IT Y1 A,IT,1,"{1: 1, 2: 2, 3: 3, 33: 33, 34: 34, 4: 4, 35: 35, 36: 36}","{1: -2, 2: -1, 3: -3, 33: -3, 34: -2, 4: -4, 35: -3, 36: -4}","[['Physics Lab  ,  PHY001', 'Physics Lab  ,  PHY001', 0, 'IT Fundamentals (IT Y1)  ,  NLC019', 'Web Technologies (IT Y1)  ,  NLC019', 0, 'Engineering Physics (Theory)  ,  NLC009'], ['Physics Lab  ,  PHY001', 'Physics Lab  ,  PHY001', 0, 'IT Fundamentals (IT Y1)  ,  NLC019', 'Web Technologies (IT Y1)  ,  NLC019', 0, 'Engineering Physics (Theory)  ,  NLC009'], ['Physics Lab  ,  PHY001', 'Physics Lab  ,  PHY001', 0, 'IT Fundamentals (IT Y1)  ,  NLC019', 'Web Technologies (IT Y1)  ,  NLC019', 0, 'Engineering Physics (Theory)  ,  NLC009'], ['Physics Lab  ,  PHY001', 'Physics Lab  ,  PHY001', 0, 'IT Fundamentals (IT Y1)  ,  NLC019', 'Web Technologies (IT Y1)  ,  NLC019', 0, 'Engineering Physics (Theory)  ,  NLC009'], ['Physics Lab  ,  PHY001', 'Physics Lab  ,  PHY001', 0, 'IT Fundamentals (IT Y1)  ,  NLC019', 'Web Technologies (IT Y1)  ,  NLC019', 0, 'Engineering Physics (Theory)  ,  NLC009'], ['Physics Lab  ,  PHY001', 'Physics Lab  ,  PHY001', 0, 'IT Fundamentals (IT Y1)  ,  NLC019', 'Web Technologies (IT Y1)  ,  NLC019', 0, 'Engineering Physics (Theory)  ,  NLC009']]",-14
21,ECE Y3 A,ECE,3,"{9: 9, 10: 10, 11: 11, 57: 57, 58: 58, 12: 12, 59: 59, 60: 60}","{9: -3, 10: -2, 11: -1, 57: -3, 58: -2, 12: -4, 59: -3, 60: -4}","[['Communication Lab (ECE Y3)  ,  BEE001', 'Communication Lab (ECE Y3)  ,  BEE001', 0, 'Communication Systems (ECE Y3)  ,  NLC020', 'Signal Processing (ECE Y3)  ,  NLC020', 0, 'Management and Economics  ,  NLC010'], ['Communication Lab (ECE Y3)  ,  BEE001', 'Communication Lab (ECE Y3)  ,  BEE001', 0, 'Communication Systems (ECE Y3)  ,  NLC020', 'Signal Processing (ECE Y3)  ,  NLC020', 0, 'Management and Economics  ,  NLC010'], ['Communication Lab (ECE Y3)  ,  BEE001', 'Communication Lab (ECE Y3)  ,  BEE001', 0, 'Communication Systems (ECE Y3)  ,  NLC020', 'Signal Processing (ECE Y3)  ,  NLC020', 0, 'Management and Economics  ,  NLC010'], ['Communication Lab (ECE Y3)  ,  BEE001', 'Communication Lab (ECE Y3)  ,  BEE001', 0, 'Communication Systems (ECE Y3)  ,  NLC020', 'Signal Processing (ECE Y3)  ,  NLC020', 0, 'Management and Economics  ,  NLC010'], ['Communication Lab (ECE Y3)  ,  BEE001', 'Communication Lab (ECE Y3)  ,  BEE001', 0, 'Communication Systems (ECE Y3)  ,  NLC020', 'Signal Processing (ECE Y3)  ,  NLC020', 0, 'Management and Economics  ,  NLC010'], ['Communication Lab (ECE Y3)  ,  BEE001', 'Communication Lab (ECE Y3)  ,  BEE001', 0, 'Communication Systems (ECE Y3)  ,  NLC020', 'Signal Processing (ECE Y3)  ,  NLC020', 0, 'Management and Economics  ,  NLC010']]",-14
22,ECE Y3 B,ECE,3,"{9: 9, 10: 10, 11: 11, 57: 57, 58: 58, 12: 12, 59: 59, 60: 60}","{9: -3, 10: -2, 11: -1, 57: -3, 58: -2, 12: -4, 59: -3, 60: -4}","[[0, 0, 'Communication Lab (ECE Y3)  ,  BEE002', 'Communication Lab (ECE Y3)  ,  BEE002', 0, 'Communication Systems (ECE Y3)  ,  NLC020', 'Environmental Studies  ,  NLC011'], [0, 0, 'Communication Lab (ECE Y3)  ,  BEE002', 'Communication Lab (ECE Y3)  ,  BEE002', 0, 'Communication Systems (ECE Y3)  ,  NLC020', 'Environmental Studies  ,  NLC011'], [0, 0, 'Communication Lab (ECE Y3)  ,  BEE002', 'Communication Lab (ECE Y3)  ,  BEE002', 0, 'Communication Systems (ECE Y3)  ,  NLC020', 'Environmental Studies  ,  NLC011'], [0, 0, 'Communication Lab (ECE Y3)  ,  BEE002', 'Communication Lab (ECE Y3)  ,  BEE002', 0, 'Communication Systems (ECE Y3)  ,  NLC020', 'Environmental Studies  ,  NLC011'], [0, 0, 'Communication Lab (ECE Y3)  ,  BEE002', 'Communication Lab (ECE Y3)  ,  BEE002', 0, 'Communication Systems (ECE Y3)  ,  NLC020', 'Environmental Studies  ,  NLC011'], [0, 0, 'Communication Lab (ECE Y3)  ,  BEE002', 'Communication Lab (ECE Y3)  ,  BEE002', 0, 'Communication Systems (ECE Y3)  ,  NLC020', 'Environmental Studies  ,  NLC011']]",-14
28,EE Y2 B,EE,2,"{5: 5, 6: 6, 7: 7, 69: 69, 70: 70, 8: 8, 71: 71, 72: 72}","{5: -1, 6: -3, 7: -2, 69: -3, 70: -2, 8: -4, 71: -3, 72: -4}","[['Power Systems Lab (EE Y2)  ,  BEE002', 'Power Systems Lab (EE Y2)  ,  BEE002', 'Chemistry Lab  ,  CHE001', 'Chemistry Lab  ,  CHE001', 0, 0, 'Engineering Mathematics II  ,  NLC012'], ['Power Systems Lab (EE Y2)  ,  BEE002', 'Power Systems Lab (EE Y2)  ,  BEE002', 'Chemistry Lab  ,  CHE001', 'Chemistry Lab  ,  CHE001', 0, 0, 'Engineering Mathematics II  ,  NLC012'], ['Power Systems Lab (EE Y2)  ,  BEE002', 'Power Systems Lab (EE Y2)  ,  BEE002', 'Chemistry Lab  ,  CHE001', 'Chemistry Lab  ,  CHE001', 0, 0, 'Engineering Mathematics II  ,  NLC012'], ['Power Systems Lab (EE Y2)  ,  BEE002', 'Power Systems Lab (EE Y2)  ,  BEE002', 'Chemistry Lab  ,  CHE001', 'Chemistry Lab  ,  CHE001', 0, 0, 'Engineering Mathematics II  ,  NLC012'], ['Power Systems Lab (EE Y2)  ,  BEE002', 'Power Systems Lab (EE Y2)  ,  BEE002', 'Chemistry Lab  ,  CHE001', 'Chemistry Lab  ,  CHE001', 0, 0, 'Engineering Mathematics II  ,  NLC012'], ['Power Systems Lab (EE Y2)  ,  BEE002', 'Power Systems Lab (EE Y2)  ,  BEE002', 'Chemistry Lab  ,  CHE001', 'Chemistry Lab  ,  CHE001', 0, 0, 'Engineering Mathematics II  ,  NLC012']]",-14
27,EE Y2 A,EE,2,"{5: 5, 6: 6, 7: 7, 69: 69, 70: 70, 8: 8, 71: 71, 72: 72}","{5: -1, 6: -3, 7: -2, 69: -3, 70: -2, 8: -4, 71: -3, 72: -4}","[[0, 0, 0, 0, 0, 0, 'Power Systems (EE Y2)  ,  NLC013'], [0, 0, 0, 0, 0, 0, 'Power Systems (EE Y2)  ,  NLC013'], [0, 0, 0, 0, 0, 0, 'Power Systems (EE Y2)  ,  NLC013'], [0, 0, 0, 0, 0, 0, 'Power Systems (EE Y2)  ,  NLC013'], [0, 0, 0, 0, 0, 0, 'Power Systems (EE Y2)  ,  NLC013'], [0, 0, 0, 0, 0, 0, 'Power Systems (EE Y2)  ,  NLC013']]",-14
